<?xml version="1.0"?>
<doc>
    <assembly>
        <name>Unosquare.PassCore.PasswordProvider</name>
    </assembly>
    <members>
        <member name="T:Unosquare.PassCore.PasswordProvider.PasswordChangeOptions">
            <summary>
            Represents the options of this provider.
            </summary>
            <seealso cref="T:Unosquare.PassCore.Common.IAppSettings" />
        </member>
        <member name="P:Unosquare.PassCore.PasswordProvider.PasswordChangeOptions.UseAutomaticContext">
            <summary>
            Gets or sets a value indicating whether [use automatic context].
            </summary>
            <value>
              <c>true</c> if [use automatic context]; otherwise, <c>false</c>.
            </value>
        </member>
        <member name="P:Unosquare.PassCore.PasswordProvider.PasswordChangeOptions.RestrictedADGroups">
            <summary>
            Gets or sets the restricted ad groups.
            </summary>
            <value>
            The restricted ad groups.
            </value>
        </member>
        <member name="P:Unosquare.PassCore.PasswordProvider.PasswordChangeOptions.AllowedADGroups">
            <summary>
            Gets or sets the allowed ad groups.
            </summary>
            <value>
            The allowed ad groups.
            </value>
        </member>
        <member name="P:Unosquare.PassCore.PasswordProvider.PasswordChangeOptions.IdTypeForUser">
            <summary>
            Gets or sets the identifier type for user.
            </summary>
            <value>
            The identifier type for user.
            </value>
        </member>
        <member name="P:Unosquare.PassCore.PasswordProvider.PasswordChangeOptions.UpdateLastPassword">
            <summary>
            Gets or sets a value indicating whether [update last password].
            </summary>
            <value>
              <c>true</c> if [update last password]; otherwise, <c>false</c>.
            </value>
        </member>
        <member name="P:Unosquare.PassCore.PasswordProvider.PasswordChangeOptions.DefaultDomain">
            <inheritdoc />
        </member>
        <member name="P:Unosquare.PassCore.PasswordProvider.PasswordChangeOptions.LdapPort">
            <inheritdoc />
        </member>
        <member name="P:Unosquare.PassCore.PasswordProvider.PasswordChangeOptions.LdapHostnames">
            <inheritdoc />
        </member>
        <member name="P:Unosquare.PassCore.PasswordProvider.PasswordChangeOptions.LdapPassword">
            <inheritdoc />
        </member>
        <member name="P:Unosquare.PassCore.PasswordProvider.PasswordChangeOptions.LdapUsername">
            <inheritdoc />
        </member>
        <member name="T:Unosquare.PassCore.PasswordProvider.PasswordChangeProvider">
            <inheritdoc />
            <summary>
            Default Change Password Provider using 'System.DirectoryServices' from Microsoft.
            </summary>
            <seealso cref="T:Unosquare.PassCore.Common.IPasswordChangeProvider" />
            <summary>
            This code is taken from the answer https://stackoverflow.com/a/1766203
            from https://stackoverflow.com/questions/1394025/active-directory-ldap-check-account-locked-out-password-expired.
            </summary>
        </member>
        <member name="M:Unosquare.PassCore.PasswordProvider.PasswordChangeProvider.#ctor(Microsoft.Extensions.Logging.ILogger{Unosquare.PassCore.PasswordProvider.PasswordChangeProvider},Microsoft.Extensions.Options.IOptions{Unosquare.PassCore.PasswordProvider.PasswordChangeOptions})">
            <summary>
            Initializes a new instance of the <see cref="T:Unosquare.PassCore.PasswordProvider.PasswordChangeProvider"/> class.
            </summary>
            <param name="logger">The logger.</param>
            <param name="options">The options.</param>
        </member>
        <member name="M:Unosquare.PassCore.PasswordProvider.PasswordChangeProvider.PerformPasswordChange(System.String,System.String,System.String)">
            <inheritdoc />
        </member>
        <member name="M:Unosquare.PassCore.PasswordProvider.PasswordChangeProvider.SetIdType">
            <summary>
            Use the values from appsettings.IdTypeForUser as fault-tolerant as possible.
            </summary>
        </member>
        <member name="F:Unosquare.PassCore.PasswordProvider.PasswordChangeProvider.LogonTypes.Interactive">
            <summary>
            The interactive
            </summary>
        </member>
        <member name="F:Unosquare.PassCore.PasswordProvider.PasswordChangeProvider.LogonTypes.Network">
            <summary>
            The network
            </summary>
        </member>
        <member name="F:Unosquare.PassCore.PasswordProvider.PasswordChangeProvider.LogonTypes.Service">
            <summary>
            The service
            </summary>
        </member>
        <member name="F:Unosquare.PassCore.PasswordProvider.PasswordChangeProvider.LogonProviders.Default">
            <summary>
            The default for platform (use this!)
            </summary>
        </member>
    </members>
</doc>
